1,20,6.913,17.759,4.6
2,11,10.6,17.889,4.28
3,16,12.263,19.871,7.08
4,15,15.048,21.89,6.2
5,1,17.552,19.622,7.58
6,4,15.881,16.887,5.12
7,12,16.897,19.255,2.4
8,17,20.359,19.452,3.49
9,3,20.591,15.889,3.72
10,20,19.157,15.11,0.17
11,12,21.297,18.03,-1.41
12,1,24.347,16.671,-0.05
13,1,23.822,13.01,-0.7
14,18,22.715,13.681,-4.31
15,8,25.545,16.032,-4.81
16,12,27.691,12.809,-3.99
17,20,25.763,11.093,-6.58
18,8,27.063,13.723,-8.93
19,1,27.728,12.613,-12.42
20,9,26.883,8.665,-11.71
21,1,23.159,9.917,-11.48
22,8,22.302,7.955,-14.64
23,7,24.084,4.748,-14.14
24,19,22.505,4.593,-10.67
25,8,19.016,5.42,-12.39
26,1,19.582,2.579,-14.53
27,7,20.575,0.021,-11.75
28,1,17.589,1.092,-9.7
29,11,15.328,0.075,-12.59
30,7,17.065,-3.26,-13.06
31,2,16.706,-3.885,-9.38
32,13,13.032,-3.139,-9.6
33,14,12.423,-5.476,-12.58
34,11,14.079,-8.337,-11.02
35,16,12.815,-7.908,-7.5
36,14,9.195,-6.85,-8.45
37,15,8.292,-8.333,-11.71
38,17,4.849,-6.949,-11.93
39,17,6.491,-3.556,-12.77
40,12,7.574,-4.871,-15.95
41,17,3.875,-4.707,-17.17
42,19,4.398,-1.015,-17.86
43,14,7.621,-1.843,-20.11
44,15,6.381,-4.414,-22.43
45,9,7.861,-2.19,-25.41
46,14,11.455,-2.262,-23.9
47,4,14.201,-4.676,-24.26
48,11,14.753,-5.341,-20.73
49,16,18.122,-7.384,-21.06
50,9,20.458,-5.929,-18.81
51,8,22.455,-3.151,-20.08
52,16,19.963,-2.196,-22.85
53,1,20.27,0.998,-24.15
54,6,16.512,1.657,-23.57
55,20,17.057,0.967,-19.82
56,12,20.094,3.039,-19.79
57,8,18.386,5.829,-21.43
58,9,15.35,5.701,-19.21
59,8,17.562,5.623,-16.09
60,12,19.105,8.846,-17.1
61,12,15.986,10.442,-17.61
62,20,14.699,9.322,-14.23
63,1,17.806,10.661,-12.63
64,4,17.733,13.912,-14.17
65,1,14.329,14.415,-13.01
66,11,15.339,13.706,-9.6
67,17,18.223,15.978,-10.09
68,3,15.744,18.747,-11.02
69,1,13.48,18.12,-7.96
70,20,16.67,18.32,-5.56
71,1,17.389,21.815,-7.3
72,9,13.997,22.837,-6.61
73,20,13.057,21.077,-3.31
74,4,11.145,24.002,-2.14
75,4,8.668,23.936,-5.2
76,13,8.674,20.53,-6.64
77,15,5.288,21.011,-7.72
78,3,5.931,23.542,-10.14
79,1,9.264,21.897,-10.98
80,11,7.767,18.341,-11.81
81,16,4.431,19.687,-13.33
82,1,5.295,18.397,-16.84
83,11,5.983,14.9,-15.66
84,16,3.091,14.769,-13.3
85,4,0.657,15.457,-16.24
86,11,2.516,12.802,-18.22
87,9,2.237,10.125,-15.64
88,1,-1.45,11.245,-14.73
89,9,-2.652,11.471,-18.28
90,12,-0.701,9.212,-20.31
91,11,1.357,6.678,-18.72
92,2,-1.12,5.962,-15.83
93,20,1.119,3.933,-13.66
94,4,-0.813,2.633,-10.61
95,15,0.567,4.636,-7.59
96,20,1.73,1.539,-5.76
97,3,4.615,1.047,-8.09
98,14,6.132,4.482,-7.11
99,12,7.109,2.77,-3.68
100,11,8.665,-0.028,-5.35
101,11,10.986,2.076,-7.51
102,16,11.653,4.426,-4.45
103,9,12.685,1.217,-2.47
104,5,15.233,0.205,-5.3
105,11,16.723,3.634,-5.59
106,11,17.322,3.635,-1.86
107,20,18.953,0.372,-2.17
108,17,21.11,1.595,-5.02
109,11,22.189,4.682,-3.08
110,1,22.985,2.551,-0.1
111,1,25.062,0.161,-2.21
112,9,27.174,3.032,-3.68
113,11,27.43,5.708,-0.85
114,15,28.714,3.528,2.21
115,1,30.159,6.863,3.92
116,7,27.073,9.16,3.42
117,14,24.245,6.614,3.98
118,17,23.66,7.28,7.65
119,15,20.398,6.708,9.43
120,1,19.624,10.215,9.3
121,20,20.243,10.488,5.61
122,9,18.254,7.136,4.91
123,1,15.409,8.791,6.63
124,16,15.641,12.024,4.67
125,11,16.012,10.336,1.34
126,4,13.042,7.997,2.04
127,12,11.051,11.143,2.75
128,14,12.219,12.896,-0.31
129,11,11.247,9.983,-2.58
130,1,7.861,9.751,-0.99
131,16,7.318,13.421,-1.78
132,20,8.474,13.187,-5.33
133,16,6.003,10.145,-5.61
134,17,3.185,12.188,-4.29
135,20,3.773,15.122,-6.56
136,11,3.951,12.616,-9.53
137,17,0.509,10.996,-8.58
138,16,-0.947,14.363,-7.75
139,12,-3.058,14.995,-10.89
140,19,-4.275,11.374,-11.16
141,2,-8.0,12.137,-10.19
1,20,8.694,-20.026,-0.12
2,9,10.245,-21.378,-3.14
3,11,13.611,-20.183,-4.47
4,17,15.864,-21.825,-6.74
5,15,18.731,-23.731,-6.02
6,7,20.898,-20.991,-7.23
7,7,18.56,-18.284,-5.12
8,12,19.026,-20.305,-2.01
9,16,22.559,-20.677,-2.42
10,1,23.262,-17.029,-2.96
11,20,21.174,-16.108,0.41
12,17,23.153,-18.592,2.37
13,1,26.401,-17.387,1.16
14,11,26.092,-13.737,1.99
15,18,24.543,-14.533,5.29
16,8,27.793,-16.367,6.2
17,12,29.341,-13.1,6.05
18,20,26.839,-11.228,8.29
19,3,27.647,-10.334,12.05
20,20,24.087,-11.031,13.28
21,4,24.274,-8.816,16.39
22,7,25.739,-5.702,14.53
23,20,23.303,-6.039,11.51
24,8,20.512,-6.666,14.0
25,8,21.202,-3.549,15.97
26,7,21.567,-1.493,12.73
27,1,18.339,-2.622,11.19
28,11,16.289,-2.225,14.4
29,8,17.555,1.107,14.94
30,2,17.138,2.392,11.41
31,11,13.557,0.954,11.58
32,11,12.882,3.156,14.4
33,20,14.628,6.174,12.86
34,20,13.156,6.096,9.25
35,19,9.613,5.019,10.4
36,15,9.299,6.665,13.79
37,18,5.821,5.395,14.6
38,17,7.466,1.912,14.97
39,6,8.656,3.567,18.37
40,2,5.184,2.85,19.81
41,14,6.133,-0.73,21.15
42,14,9.433,0.476,22.63
43,7,9.021,3.274,25.06
44,16,10.261,0.951,28.03
45,14,13.648,1.329,26.18
46,8,14.529,4.785,27.3
47,4,15.729,7.801,25.18
48,11,14.475,7.473,21.43
49,16,14.421,11.168,20.63
50,17,17.236,11.36,18.28
51,15,18.84,9.268,15.58
52,4,22.107,9.063,17.59
53,1,20.143,8.181,20.77
54,20,18.396,5.367,18.97
55,13,21.262,3.92,17.35
56,8,23.329,3.841,20.45
57,3,20.559,2.685,22.82
58,15,21.379,-0.699,24.38
59,12,17.877,-2.002,24.59
60,20,17.489,-1.267,20.98
61,12,20.529,-3.146,20.06
62,1,19.613,-6.179,22.28
63,9,16.19,-6.291,20.8
64,8,17.753,-6.266,17.37
65,12,19.749,-9.096,18.18
66,12,17.297,-11.071,19.29
67,20,14.967,-10.43,16.2
68,11,17.765,-11.045,13.83
69,8,18.843,-14.169,15.49
70,1,15.432,-15.582,15.05
71,14,15.473,-14.523,11.39
72,16,18.969,-16.288,11.12
73,4,17.456,-19.508,12.28
74,8,14.735,-19.149,9.97
75,11,17.037,-19.09,6.96
76,1,17.717,-22.609,7.71
77,9,13.929,-23.7,7.28
78,11,13.302,-21.614,4.14
79,4,11.104,-24.882,2.6
80,3,8.836,-24.555,6.14
81,11,8.683,-20.637,7.42
82,12,5.156,-20.862,8.45
83,8,5.798,-23.724,10.74
84,17,9.15,-22.242,11.74
85,14,7.236,-18.963,12.74
86,1,3.899,-20.242,13.94
87,17,4.271,-19.764,17.44
88,11,5.984,-16.362,17.08
89,16,3.084,-15.313,14.87
90,7,0.931,-16.07,17.61
91,11,2.718,-14.253,20.12
92,9,3.032,-11.268,18.25
93,5,-0.706,-11.057,17.49
94,4,-2.308,-12.076,20.72
95,12,0.08,-10.591,23.18
96,11,2.264,-8.159,21.58
97,9,-0.223,-6.51,19.37
98,20,2.284,-5.763,16.56
99,4,0.36,-4.723,13.27
100,15,2.264,-7.099,10.66
101,7,2.927,-3.983,8.46
102,3,5.969,-3.548,10.72
103,14,7.332,-6.92,9.6
104,2,7.43,-5.624,6.0
105,11,8.899,-2.275,6.98
106,11,11.679,-4.227,8.85
107,8,12.297,-6.476,5.85
108,3,12.802,-3.506,3.53
109,20,15.193,-1.717,6.0
110,11,17.059,-5.101,6.35
111,20,17.517,-5.121,2.53
112,5,18.863,-1.4,2.69
113,20,21.202,-2.512,5.39
114,11,22.632,-5.454,3.48
115,1,23.134,-3.206,0.54
116,9,25.023,-0.593,2.64
117,9,27.064,-3.366,4.19
118,14,27.888,-5.419,1.09
119,8,28.107,-2.567,-1.53
120,12,28.535,-4.059,-4.84
121,7,28.393,-7.556,-3.77
122,14,24.581,-7.077,-3.07
123,17,23.866,-7.444,-6.79
124,15,20.309,-7.06,-8.3
125,15,19.952,-10.892,-8.43
126,20,20.919,-11.183,-4.9
127,6,18.607,-8.382,-3.88
128,1,15.847,-10.225,-5.54
129,1,16.408,-13.427,-3.64
130,19,16.462,-11.629,-0.33
131,6,13.282,-9.83,-1.21
132,12,11.644,-13.098,-1.7
133,20,13.038,-14.205,1.8
134,20,12.091,-11.081,3.57
135,1,8.505,-11.237,2.11
136,8,8.219,-15.058,3.18
137,20,9.275,-14.229,6.67
138,1,6.739,-11.343,6.96
139,3,3.965,-13.443,5.69
140,1,4.88,-16.341,7.88
141,11,4.897,-13.957,10.91
142,1,1.608,-12.628,9.84
143,9,0.024,-16.256,9.07
144,12,-1.735,-16.737,12.58
145,19,-3.111,-13.193,12.85
146,9,-7.082,-13.26,13.81
1,20,-6.986,18.132,-4.72
2,11,-10.829,18.318,-4.24
3,16,-12.764,20.102,-7.26
4,15,-15.686,22.248,-6.6
5,1,-17.694,19.448,-7.87
6,4,-16.09,17.056,-5.44
7,12,-17.103,19.561,-2.48
8,17,-20.439,19.567,-3.52
9,3,-20.679,15.854,-3.72
10,20,-19.214,15.43,-0.51
11,12,-21.545,18.04,1.26
12,1,-24.19,16.574,-0.16
13,1,-23.581,12.98,0.77
14,18,-22.43,13.732,4.34
15,8,-25.631,16.086,4.52
16,12,-27.87,13.141,3.63
17,20,-25.77,11.297,6.64
18,8,-26.962,13.614,9.16
19,1,-27.686,12.652,12.2
20,9,-26.912,8.767,11.7
21,1,-23.098,9.802,11.33
22,8,-22.269,8.117,14.62
23,7,-24.151,4.976,13.96
24,19,-22.418,4.812,10.58
25,8,-19.027,5.388,12.06
26,1,-19.471,2.386,14.47
27,7,-20.638,0.028,11.63
28,1,-17.46,1.158,9.5
29,11,-15.24,0.036,12.46
30,7,-17.039,-3.158,12.83
31,2,-16.706,-3.791,9.17
32,13,-12.88,-2.985,9.43
33,14,-12.271,-5.32,12.43
34,11,-14.025,-8.262,10.74
35,16,-12.594,-7.794,7.32
36,14,-9.024,-6.696,8.15
37,15,-8.32,-8.334,11.35
38,17,-4.834,-6.636,11.75
39,17,-6.458,-3.53,12.49
40,12,-7.571,-4.948,15.94
41,17,-3.858,-4.878,17.04
42,19,-4.42,-1.045,17.75
43,14,-7.459,-1.76,20.16
44,15,-6.43,-4.575,22.57
45,9,-8.129,-2.454,25.36
46,14,-11.427,-2.447,23.78
47,4,-14.2,-5.093,23.71
48,11,-14.738,-5.455,19.94
49,16,-17.996,-7.682,20.34
50,9,-20.784,-6.859,18.15
51,8,-22.633,-4.098,19.83
52,16,-19.739,-2.846,21.98
53,1,-20.223,0.561,23.63
54,6,-16.671,1.124,23.38
55,20,-16.782,0.728,19.39
56,12,-20.011,2.798,19.33
57,8,-18.397,5.432,21.23
58,9,-15.259,5.492,19.16
59,8,-17.341,5.505,16.14
60,12,-19.047,8.674,17.19
61,12,-15.858,10.357,17.76
62,20,-14.623,9.355,14.15
63,1,-17.818,10.501,12.64
64,4,-17.709,13.83,14.24
65,1,-14.163,14.481,13.29
66,11,-15.337,13.726,9.52
67,17,-18.3,16.119,9.98
68,3,-15.765,18.613,11.08
69,1,-13.526,17.929,8.0
70,20,-16.708,18.432,5.67
71,1,-17.392,21.922,7.49
72,9,-13.948,22.613,6.66
73,20,-13.123,21.287,3.67
74,4,-10.85,24.295,2.5
75,4,-8.638,24.283,5.62
76,13,-8.452,20.656,6.73
77,15,-5.12,20.876,8.01
78,3,-6.067,23.245,10.6
79,1,-9.063,21.943,11.59
80,11,-7.693,18.364,12.08
81,16,-4.176,19.598,13.53
82,1,-4.666,18.152,16.94
83,11,-5.833,14.767,15.71
84,16,-2.888,14.776,13.26
85,4,-0.682,15.299,16.35
86,11,-2.467,12.693,18.11
87,9,-2.196,9.988,15.68
88,1,1.44,11.027,14.74
89,9,2.856,11.246,18.39
90,12,0.718,9.223,20.44
91,11,-1.388,6.384,18.68
92,2,1.225,5.888,15.97
93,20,-1.122,3.79,13.67
94,4,0.516,2.634,10.64
95,15,-0.533,4.68,7.48
96,20,-1.688,1.553,5.59
97,3,-4.626,1.297,7.97
98,14,-6.082,4.528,6.93
99,12,-6.999,2.958,3.59
100,11,-8.668,0.083,5.29
101,11,-10.983,2.177,7.35
102,16,-11.714,4.605,4.37
103,9,-12.856,1.553,2.23
104,5,-15.102,0.402,5.22
105,11,-16.55,3.718,5.4
106,11,-17.399,3.653,1.72
107,20,-18.836,0.268,2.12
108,17,-21.156,1.586,4.96
109,11,-22.256,4.765,2.94
110,1,-22.975,2.438,-0.1
111,1,-25.131,0.205,2.22
112,9,-27.157,3.218,3.68
113,11,-27.336,5.646,0.69
114,15,-28.972,3.222,-2.36
115,1,-29.733,6.788,-3.94
116,7,-26.996,9.192,-3.33
117,14,-24.055,6.75,-3.91
118,17,-23.75,7.2,-7.57
119,15,-20.523,6.7,-9.43
120,1,-19.548,10.276,-9.33
121,20,-20.425,10.526,-5.56
122,9,-18.258,7.352,-4.97
123,1,-15.263,8.979,-6.64
124,16,-15.443,12.245,-4.71
125,11,-15.983,10.431,-1.42
126,4,-12.896,8.22,-2.06
127,12,-10.843,11.346,-2.93
128,14,-12.15,13.112,0.06
129,11,-11.373,10.116,2.58
130,1,-7.86,10.006,0.89
131,16,-7.158,13.685,1.57
132,20,-8.508,13.199,5.23
133,16,-6.066,10.266,5.42
134,17,-3.144,12.409,4.13
135,20,-3.754,15.191,6.57
136,11,-4.023,12.675,9.63
137,17,-0.644,11.078,8.57
138,16,1.195,14.45,7.57
139,12,3.191,14.934,10.88
140,19,4.409,11.291,11.24
141,2,7.886,11.986,10.16
1,20,-8.728,-19.973,0.23
2,9,-10.028,-20.478,3.61
3,11,-13.638,-20.047,4.22
4,17,-15.571,-21.118,7.44
5,15,-18.819,-22.801,6.16
6,7,-20.826,-20.251,7.89
7,7,-18.571,-17.615,5.45
8,12,-19.098,-20.158,2.36
9,16,-22.632,-20.01,2.8
10,1,-23.067,-16.421,3.39
11,20,-21.016,-15.993,-0.16
12,17,-23.012,-18.659,-2.04
13,1,-26.249,-17.368,-0.69
14,11,-25.805,-13.895,-1.84
15,18,-24.253,-14.609,-5.17
16,8,-27.474,-16.657,-6.22
17,12,-29.272,-13.27,-5.97
18,20,-26.489,-11.309,-8.32
19,3,-27.299,-10.403,-11.8
20,20,-23.926,-10.94,-13.32
21,4,-24.588,-8.635,-15.87
22,7,-25.919,-5.886,-14.38
23,20,-23.348,-6.099,-11.32
24,8,-20.442,-6.846,-13.66
25,8,-21.127,-3.499,-15.79
26,7,-21.6,-1.628,-12.73
27,1,-18.269,-2.901,-11.07
28,11,-16.186,-2.309,-14.16
29,8,-17.751,1.088,-14.73
30,2,-17.026,2.243,-11.33
31,11,-13.554,1.103,-11.54
32,11,-13.016,3.232,-14.47
33,20,-14.717,6.296,-12.77
34,20,-13.205,6.102,-9.42
35,19,-9.629,5.095,-10.4
36,15,-9.346,6.6,-14.03
37,18,-5.897,5.496,-14.61
38,17,-7.362,1.995,-14.99
39,6,-8.833,3.256,-18.35
40,2,-5.095,2.844,-19.73
41,14,-6.336,-0.77,-20.71
42,14,-9.461,0.148,-22.43
43,7,-8.561,2.747,-24.91
44,16,-10.333,0.707,-27.92
45,14,-13.753,1.14,-25.85
46,8,-14.935,4.262,-26.78
47,4,-15.315,7.928,-25.25
48,11,-14.7,7.013,-21.14
49,16,-14.387,10.788,-20.67
50,17,-16.855,11.313,-17.86
51,15,-19.225,9.303,-15.56
52,4,-22.575,8.738,-17.58
53,1,-20.46,8.256,-20.64
54,20,-18.358,5.224,-18.83
55,13,-21.589,3.767,-17.22
56,8,-23.658,3.737,-20.12
57,3,-20.747,2.578,-22.65
58,15,-21.926,-0.726,-24.09
59,12,-18.361,-2.042,-24.45
60,20,-17.893,-1.49,-20.56
61,12,-21.055,-3.383,-19.93
62,1,-20.005,-6.284,-22.17
63,9,-16.655,-6.703,-20.65
64,8,-17.922,-6.237,-17.3
65,12,-20.149,-9.35,-17.81
66,12,-17.187,-11.342,-19.3
67,20,-15.129,-10.761,-16.03
68,11,-17.709,-11.246,-13.54
69,8,-18.677,-14.387,-15.36
70,1,-15.237,-15.816,-14.96
71,14,-15.352,-14.546,-11.29
72,16,-18.56,-16.484,-11.2
73,4,-16.81,-19.464,-12.08
74,8,-14.376,-19.39,-9.47
75,11,-16.87,-19.385,-6.81
76,1,-17.49,-23.239,-8.0
77,9,-14.175,-23.705,-7.01
78,11,-13.049,-22.225,-3.9
79,4,-10.671,-24.163,-2.6
80,3,-8.432,-24.074,-5.72
81,11,-8.539,-20.715,-7.08
82,12,-4.933,-20.852,-8.39
83,8,-5.556,-24.039,-10.63
84,17,-8.896,-22.475,-11.76
85,14,-7.538,-18.984,-12.8
86,1,-3.786,-20.129,-13.99
87,17,-4.7,-19.77,-17.69
88,11,-6.271,-16.457,-17.41
89,16,-3.384,-15.545,-14.95
90,7,-0.961,-16.101,-17.9
91,11,-2.918,-14.282,-20.19
92,9,-3.429,-10.968,-18.35
93,5,0.671,-11.156,-17.79
94,4,2.076,-12.17,-21.19
95,12,-0.657,-10.83,-23.61
96,11,-2.489,-8.095,-21.71
97,9,0.244,-6.637,-19.58
98,20,-2.21,-5.794,-16.73
99,4,-0.61,-4.765,-13.28
100,15,-2.075,-7.13,-10.71
101,7,-2.721,-4.184,-8.53
102,3,-5.827,-3.553,-10.82
103,14,-7.223,-7.062,-9.59
104,2,-7.236,-5.64,-5.94
105,11,-8.933,-2.377,-6.99
106,11,-11.776,-4.169,-8.77
107,8,-12.179,-6.516,-5.77
108,3,-12.802,-3.491,-3.62
109,20,-15.064,-1.848,-6.03
110,11,-17.024,-5.059,-6.36
111,20,-17.557,-5.003,-2.48
112,5,-18.674,-1.428,-2.87
113,20,-21.229,-2.476,-5.53
114,11,-22.611,-5.453,-3.52
115,1,-23.177,-3.124,-0.51
116,9,-24.955,-0.497,-2.73
117,9,-27.076,-3.136,-4.42
118,14,-28.031,-5.299,-1.21
119,8,-28.196,-2.563,1.45
120,12,-28.403,-3.844,5.02
121,7,-28.273,-7.343,3.93
122,14,-24.573,-7.06,3.13
123,17,-23.654,-7.132,6.8
124,15,-20.251,-6.94,8.31
125,15,-19.807,-10.596,8.36
126,20,-20.828,-11.114,4.81
127,6,-18.404,-8.336,3.87
128,1,-15.629,-10.118,5.63
129,1,-16.351,-13.231,3.75
130,19,-16.475,-11.445,0.34
131,6,-13.174,-9.715,1.27
132,12,-11.377,-12.991,1.72
133,20,-12.819,-14.186,-1.65
134,20,-11.817,-11.184,-3.69
135,1,-8.338,-11.031,-2.08
136,8,-8.238,-14.854,-2.99
137,20,-9.117,-14.207,-6.51
138,1,-6.688,-11.339,-7.07
139,3,-3.937,-13.374,-5.58
140,1,-5.005,-16.402,-7.98
141,11,-4.899,-14.068,-11.01
142,1,-1.439,-12.718,-10.05
143,9,0.079,-16.2,-9.51
144,12,1.442,-16.574,-13.17
145,19,3.207,-13.372,-13.24
146,9,7.054,-13.167,-14.05
